<?xml version="1.0" encoding="UTF-8"?>
<!DOCTYPE mapper
        PUBLIC "-//mybatis.org//DTD Mapper 3.0//EN"
        "http://mybatis.org/dtd/mybatis-3-mapper.dtd">


<mapper namespace="a">

    <select id="SelectAll" resultType="Member">
        select   *  from  membertbl
    </select>


    <select id="selectMembers" resultType="Member" parameterType="java.util.List">
        SELECT *
        FROM membertbl
        WHERE id IN
        <foreach item="item" collection="list" open="(" separator="," close=")">
            #{item}
        </foreach>
    </select>




    <!--입력하기 -->
    <insert id="insertMember"  parameterType="Member">
        INSERT INTO membertbl (id, name, email )
        VALUES (#{id}, #{name}, #{email} )
    </insert>



    <!-- 여러 건 입력하기 -->
    <insert id="insertMembers" parameterType="java.util.List">
        INSERT ALL
        <foreach collection="list" item="member">
            INTO membertbl (id, name, email)
            VALUES (#{member.id}, #{member.name}, #{member.email})
        </foreach>
        SELECT * FROM dual
    </insert>


</mapper>