<?xml version="1.0" encoding="UTF-8"?>
<!DOCTYPE mapper
        PUBLIC "-//mybatis.org//DTD Mapper 3.0//EN"
        "http://mybatis.org/dtd/mybatis-3-mapper.dtd">


<mapper namespace="a">

    <resultMap id="memberMap" type="Member">
        <result property="id" column="m_id"/>
        <result property="name" column="m_name"/>
        <result property="email" column="m_email"/>
    </resultMap>


    <select id="SelectAll2" resultMap="memberMap">
        select   *  from  membertbl
    </select>


    <select id="SelectAll" resultType="Member">
        select   *  from  membertbl
    </select>


    <insert id="insert"  parameterType="Member">
        INSERT INTO membertbl ( id , name, email )
        VALUES( #{id} ,  #{name} , #{email})
    </insert>

</mapper>